Point Reyes,,,,,,,,,,,
Sample & GPS Pt Name,Date,Fresh/Old,Species,Confidence,Latitude,Longitude,Collector,Pic?,Entire Scat?,Date Entry/Initials,Notes
PR 1 ,19 Dec 22,F,Coyote,NA,38.046250,-122.972980,FG,TRUE,TRUE,21 Jan 23 / AGB,
PR 2,19 Dec 22,O,Bobcat (?),NA,38.046100,-122.973010,FG,TRUE,FALSE,21 Jan 23 / AGB,
PR 3,19 Dec 22,O,Coyote ,NA,38.022110,-122.971920,FG,TRUE,TRUE,21 Jan 23 / AGB,
PR 4,19 Dec 22,O,Coyote ,NA,38.022110,-122.971930,FG,TRUE,TRUE,21 Jan 23 / AGB,
PR 5,19 Dec 22,O,Coyote ,NA,38.022110,-122.971930,FG,FALSE,TRUE,21 Jan 23 / AGB,
PR 6,19 Dec 22,O,Coyote ,NA,38.022150,-122.971950,FG,TRUE,FALSE,21 Jan 23 / AGB,
PR 7,19 Dec 22,O,Coyote ,NA,38.022120,-122.971950,FG,TRUE,TRUE,21 Jan 23 / AGB,
PR 8,19 Dec 22,O,Coyote ,NA,38.022500,-122.972730,FG,TRUE,TRUE,21 Jan 23 / AGB,
PR 9,19 Dec 22,O,Unknown,NA,38.022370,-122.972460,FG,TRUE,FALSE,21 Jan 23 / AGB,
PR 10,19 Dec 22,O,Unknown,NA,38.022370,-122.972460,FG,TRUE,FALSE,21 Jan 23 / AGB,
PR 11,19 Dec 22,O,Coyote,NA,38.021870,-122.971190,FG,TRUE,TRUE,21 Jan 23 / AGB,
PR 12,19 Dec 22,O,Coyote,NA,38.021730,-122.971080,FG,TRUE,TRUE,21 Jan 23 / AGB,
PR 13,19 Dec 22,O,Coyote (?),NA,38.016090,-122.977140,FG,TRUE,TRUE,21 Jan 23 / AGB,
PR 14,19 Dec 22,O,Coyote,NA,38.016240,-122.977230,FG,TRUE,FALSE,21 Jan 23 / AGB,
PR 15,19 Dec 22,O,Coyote,NA,38.017140,-122.978070,FG,TRUE,TRUE,21 Jan 23 / AGB,
PR 16,19 Dec 22,O,Coyote (?),NA,38.018070,-122.978940,FG,TRUE,FALSE,21 Jan 23 / AGB,
PR 17,19 Dec 22,O,Coyote,NA,38.017560,-122.978490,FG,TRUE,TRUE,21 Jan 23 / AGB,
PR 18,19 Dec 22,O,Coyote,NA,38.017530,-122.978480,FG,TRUE,TRUE,21 Jan 23 / AGB,
PR 19,19 Dec 22,O,Coyote,NA,38.016410,-122.977500,FG,TRUE,TRUE,21 Jan 23 / AGB,
PR 20,19 Dec 22,O,Coyote,NA,38.010840,-122.981600,FG,TRUE,TRUE,21 Jan 23 / AGB,
PR 21,19 Dec 22,O,Coyote,NA,38.010830,-122.981620,FG,TRUE,TRUE,21 Jan 23 / AGB,
PR 22,19 Dec 22,O,Coyote,NA,38.010860,-122.981640,FG,TRUE,TRUE,21 Jan 23 / AGB,
PR 23,19 Dec 22,O,Coyote,NA,38.010870,-122.981670,FG,TRUE,TRUE,21 Jan 23 / AGB,
PR 24,19 Dec 22,O,Coyote,NA,38.010820,-122.981510,FG,TRUE,TRUE,21 Jan 23 / AGB,
PR 25,20 Dec 22,O,Coyote,NA,38.031350,-122.950000,FG,FALSE,TRUE,21 Jan 23 / AGB,
PR 26,20 Dec 22,O,Coyote (?),NA,38.031270,-122.950700,FG,TRUE,FALSE,21 Jan 23 / AGB,
PR 27,20 Dec 22,O,Coyote,NA,38.031210,-122.950660,FG,TRUE,TRUE,21 Jan 23 / AGB,
PR 28,20 Dec 22,O,Coyote (?),NA,38.033890,-122.939220,FG,TRUE,FALSE,21 Jan 23 / AGB,
PR 29,20 Dec 22,O,Unknown,NA,38.032250,-122.933690,FG,TRUE,FALSE,21 Jan 23 / AGB,
PR 30,20 Dec 22,F,Coyote,NA,38.028650,-122.961720,FG,TRUE,TRUE,21 Jan 23 / AGB,
PR 31,20 Dec 22,F,Coyote,NA,37.997220,-122.981650,FG,TRUE,TRUE,21 Jan 23 / AGB,
PR 32,20 Dec 22,O,Coyote,NA,37.997210,-122.981580,FG,TRUE,FALSE,21 Jan 23 / AGB,
PR 33,20 Dec 22,O,Coyote,NA,37.996890,-122.981050,FG,TRUE,TRUE,21 Jan 23 / AGB,
PR 34,20 Dec 22,O,Coyote,NA,37.996830,-122.980780,FG,TRUE,TRUE,21 Jan 23 / AGB,
PR 35,27 Jan 23,O ,Coyote,NA,38.029300,-122.958280,FG,TRUE,FALSE,6 Feb 23 / SW,
PR 36,27 Jan 23,O,Coyote,NA,38.030280,-122.953890,FG,TRUE,FALSE,6 Feb 23 / SW,
PR 37,28 Jan 23,F,Coyote,NA,38.029902,-122.961994,AGB,TRUE,TRUE,6 Feb 23 / SW,
PR 38,28 Jan 23,O,Coyote,NA,38.029944,-122.956526,KD,TRUE,FALSE,6 Feb 23 / SW,
PR 39,28 Jan 23,O,Coyote,NA,38.030000,-122.956208,KD,TRUE,FALSE,6 Feb 23 / SW,
PR 40,28 Jan 23,O,Coyote,NA,38.035389,-122.94294,AGB,TRUE,FALSE,6 Feb 23 / SW,
PR 41,28 Jan 23,O,Coyote,NA,38.034249,-122.94505,AGB,TRUE,FALSE,6 Feb 23 / SW,
PR 42,28 Jan 23,O,Coyote,NA,38.034234,-122.94692,AGB,TRUE,FALSE,6 Feb 23 / SW,
PR 43,28 Jan 23,O,Coyote,NA,38.03179,-122.94956,AGB,TRUE,FALSE,6 Feb 23 / SW,
PR 44,28 Jan 23,O,Coyote,NA,38.03007,-122.95491,AGB,TRUE,FALSE,6 Feb 23 / SW,
PR 45,28 Jan 23,O,Coyote,NA,38.02977,-122.96192,AGB,TRUE,FALSE,6 Feb 23 / SW,
PR 46,29 Jan 23,O,Coyote,NA,37.99599,-122.97954,KD,TRUE,FALSE,6 Feb 23 / SW,
PR 47,29 Jan 23,O,Coyote,NA,37.99466,-122.97632,KD,TRUE,FALSE,6 Feb 23 / SW,
PR 48,29 Jan 23,O,Coyote,NA,37.99354,-122.97407,SW,TRUE,FALSE,6 Feb 23 / SW,
PR 49,29 Jan 23,F,Coyote,NA,37.99238,-122.97066,SW,TRUE,TRUE,6 Feb 23 / SW,
PR 50,29 Jan 23,O,Coyote,NA,37.99142,-122.96701,SW,TRUE,FALSE,6 Feb 23 / SW,
PR 51,29 Jan 23,O,Coyote,NA,37.99100,-122.96920,SW,TRUE,FALSE,6 Feb 23 / SW,
PR 52,29 Jan 23,O,Bobcat (?),NA,37.99107,-122.97205,SW,TRUE,FALSE,6 Feb 23 / SW,
PR 53,29 Jan 23,F,Coyote,NA,37.99426,-122.97718,SW,TRUE,TRUE,6 Feb 23 / SW,
PR 54,29 Jan 23,F,Coyote,NA,37.99474,-122.97917,FG,TRUE,TRUE,6 Feb 23 / SW,
PR 103,29 Jun 23,O,Coyote (?),NA,38.02812,-122.96346,FG,TRUE,FALSE,4 Jul 23 / FG,
PR 104,29 Jun 23,O,Coyote (?),NA,38.02712,-122.96243,FG,TRUE,FALSE,4 Jul 23 / FG,
PR 105,29 Jun 23,O,Coyote,NA,38.02176,-122.97110,FG,TRUE,FALSE,4 Jul 23 / FG,
PR 106,29 Jun 23,O,Coyote,NA,38.02175,-122.97108,FG,TRUE,FALSE,4 Jul 23 / FG,
PR 107,29 Jun 23,O,Coyote (?),NA,38.01598,-122.97703,FG,TRUE,FALSE,4 Jul 23 / FG,
PR 108,29 Jun 23,O,Coyote (?),NA,38.02769,-122.96381,FG,TRUE,FALSE,4 Jul 23 / FG,
PR 109,29 Jun 23,O,Coyote,NA,38.02801,-122.96345,FG,TRUE,FALSE,4 Jul 23 / FG,
PR 110,29 Jun 23,O,Coyote,NA,38.02801,-122.96346,FG,TRUE,FALSE,4 Jul 23 / FG,
PR 111,29 Jun 23,O,Coyote,NA,38.02801,-122.96345,FG,TRUE,FALSE,4 Jul 23 / FG,
PR 112,29 Jun 23,O,Coyote (?),NA,38.02802,-122.96345,FG,TRUE,FALSE,4 Jul 23 / FG,
PR 113,29 Jun 23,O,Coyote,NA,38.02805,-122.96342,FG,TRUE,FALSE,4 Jul 23 / FG,
PR 114,29 Jun 23,O,Coyote,NA,38.02805,-122.96343,FG,TRUE,FALSE,4 Jul 23 / FG,
PR 115,29 Jun 23,O,Coyote,NA,38.02805,-122.96343,FG,TRUE,FALSE,4 Jul 23 / FG,
PR 116,29 Jun 23,O,Coyote,NA,38.02805,-122.96344,FG,TRUE,FALSE,4 Jul 23 / FG,
PR 117,29 Jun 23,O,Coyote,NA,38.02806,-122.96343,FG,TRUE,FALSE,4 Jul 23 / FG,
PR 118,29 Jun 23,O,Coyote (?),NA,38.03202,-122.95190,FG,TRUE,FALSE,4 Jul 23 / FG,
PR 119,29 Jun 23,O,Coyote (?),NA,38.03131,-122.94781,FG,TRUE,FALSE,4 Jul 23 / FG,
PR 120,29 Jun 23,O,Canid (?),NA,38.03162,-122.94743,FG,TRUE,FALSE,4 Jul 23 / FG,
PR 121,29 Jun 23,O,Coyote,NA,38.03422,-122.94536,FG,TRUE,FALSE,4 Jul 23 / FG,
PR 122,29 Jun 23,O,Coyote,NA,38.03431,-122.94370,FG,TRUE,FALSE,4 Jul 23 / FG,
PR 123,29 Jun 23,O,Coyote,NA,38.03590,-122.94260,FG,TRUE,FALSE,4 Jul 23 / FG,
PR 124,29 Jun 23,O,Coyote,NA,38.03464,-122.94339,FG,TRUE,FALSE,4 Jul 23 / FG,
PR 125,29 Jun 23,O,Coyote,NA,38.03424,-122.94534,FG,TRUE,FALSE,4 Jul 23 / FG,
PR 126,29 Jun 23,F,Coyote (?),NA,38.03134,-122.94777,FG,TRUE,FALSE,4 Jul 23 / FG,
PR 127,30 Jun 23,O,Coyote,NA,37.90199,-122.71778,FG,TRUE,FALSE,4 Jul 23 / FG,
PR 128,30 Jun 23,O,Coyote,NA,37.90199,-122.71777,FG,TRUE,FALSE,4 Jul 23 / FG,
PR 129,30 Jun 23,O,Coyote,NA,37.90219,-122.71796,FG,TRUE,FALSE,4 Jul 23 / FG,
PR 130,30 Jun 23,F,Coyote (?),NA,37.89752,-122.71067,FG,TRUE,FALSE,4 Jul 23 / FG,
PR 131,30 Jun 23,O,Coyote (?),NA,38.02745,-122.88907,FG,FALSE,FALSE,4 Jul 23 / FG,
PR 132,30 Jun 23,F,Coyote,NA,38.02941,-122.88402,FG,FALSE,TRUE,4 Jul 23 / FG,
PR 134,30 Jun 23,O,Coyote,NA,38.03109,-122.88415,FG,TRUE,FALSE,4 Jul 23 / FG,
PR 133,30 Jun 23,O,Coyote,NA,38.09140,-122.92726,FG,TRUE,FALSE,4 Jul 23 / FG,
PR 135,30 Jun 23,O,Coyote,NA,38.02894,-122.96214,FG,FALSE,FALSE,4 Jul 23 / FG,
PR 136,30 Jun 23,O,Coyote,NA,38.02897,-122.96211,FG,FALSE,FALSE,4 Jul 23 / FG,
PR 137,30 Jun 23,O,Coyote,NA,38.02942,-122.96191,FG,FALSE,FALSE,4 Jul 23 / FG,
PR 138,30 Jun 23,O,Coyote,NA,38.02893,-122.96214,FG,FALSE,FALSE,4 Jul 23 / FG,
PR 55,12 May 23,F,Coyote,NA,37.90139,-122.71611,FG,FALSE,FALSE,19 Jul 23 / FG,Whale 
PR 56,12 May 23,O,Coyote,NA,38.05100,-122.98747,FG,FALSE,FALSE,19 Jul 23 / FG,Whale 
PR 60,5 Sept 23,O,Coyote,NA,38.03228,-122.93929,FG,FALSE,TRUE,25 Sept 23 / FG,
PR 61,5 Sept 23,F,Coyote,NA,38.02796,-122.95863,FG,FALSE,TRUE,25 Sept 23 / FG,
PR 62,5 Sept 23,O,Coyote,NA,38.01632,-122.97661,FG,FALSE,TRUE,25 Sept 23 / FG,
PR 63,5 Sept 23,O,Coyote,NA,38.02164,-122.97128,FG,FALSE,TRUE,25 Sept 23 / FG,
PR 64,5 Sept 23,O,Large Carnivore,NA,38.08427,-122.93172,FG,FALSE,TRUE,25 Sept 23 / FG,
PR 65,5 Sept 23,O,Coyote,NA,38.08720,-122.93085,FG,FALSE,TRUE,25 Sept 23 / FG,
PR 66,24 Sept 23,F,Coyote?,NA,38.03236,-122.93722,FG,FALSE,TRUE,25 Sept 23 / FG,In intertidal (may have been submerged)
PR 67,24 Sept 23,F,Coyote,NA,38.02090,-122.97179,FG,FALSE,TRUE,25 Sept 23 / FG,In intertidal (may have been submerged)
PR 68,24 Sept 23,O,Coyote?,NA,38.01082,-122.98136,FG,FALSE,TRUE,25 Sept 23 / FG,
PR 69,24 Sept 23,O,Coyote?,NA,38.01092,-122.98161,FG,FALSE,TRUE,25 Sept 23 / FG,
PR 70,24 Sept 23,O,Coyote,NA,38.01078,-122.98112,FG,FALSE,TRUE,25 Sept 23 / FG,
PR 71,24 Sept 23,O,Coyote,NA,38.01073,-122.98112,FG,FALSE,TRUE,25 Sept 23 / FG,
PR 72,24 Sept 23,O,Coyote,NA,38.01172,-122.98096,FG,FALSE,TRUE,25 Sept 23 / FG,
PR 73,24 Sept 23,O,Coyote,NA,38.01203,-122.98079,FG,FALSE,TRUE,25 Sept 23 / FG,
PR 74,24 Sept 23,O,Coyote?,NA,38.01332,-122.97986,FG,FALSE,TRUE,25 Sept 23 / FG,
PR 75,24 Sept 23,O,Coyote,NA,38.01358,-122.97977,FG,FALSE,TRUE,25 Sept 23 / FG,
PR 76,24 Sept 23,O,Coyote,NA,38.01612,-122.97736,FG,FALSE,TRUE,25 Sept 23 / FG,
PR 77,24 Sept 23,F,Coyote,NA,38.02175,-122.97121,FG,FALSE,TRUE,25 Sept 23 / FG,
PR 78,24 Sept 23,O,Coyote,NA,38.02772,-122.96368,FG,FALSE,TRUE,25 Sept 23 / FG,
PR 80,24 Sept 23,O,Coyote,NA,38.02768,-122.96370,FG,FALSE,TRUE,25 Sept 23 / FG,
PR 81,24 Sept 23,O,Coyote,NA,38.02813,-122.96343,FG,FALSE,TRUE,25 Sept 23 / FG,
PR 82,24 Sept 23,O,Coyote,NA,38.02810,-122.96342,FG,FALSE,TRUE,25 Sept 23 / FG,
PR 83,30 Sept 23,F,Coyote?,NA,38.14927,-122.90722,FG,FALSE,TRUE,14 Nov 23 / FG,
PR 84,30 Sept 23,F,Coyote,NA,38.09245,-122.9332700,FG,FALSE,TRUE,14 Nov 23 / FG,
PR 85,24 Oct 23,O,Coyote?,NA,38.03422,-122.9470423,FG,FALSE,TRUE,14 Nov 23 / FG,
PR 86,24 Oct 23,O,Coyote?,NA,38.03417,-122.9467611,FG,FALSE,TRUE,14 Nov 23 / FG,
PR 87,24 Oct 23,O,Coyote?,NA,38.03418,-122.9467153,FG,FALSE,TRUE,14 Nov 23 / FG,
PR 88,24 Oct 23,O,Coyote,NA,38.03417,-122.9463655,FG,FALSE,TRUE,14 Nov 23 / FG,
PR 89,24 Oct 23,F,Coyote,NA,38.03422,-122.9455447,FG,FALSE,TRUE,14 Nov 23 / FG,Sequence!
PR 90,24 Oct 23,O,Coyote?,NA,38.03415,-122.9442911,FG,FALSE,TRUE,14 Nov 23 / FG,
PR 91,24 Oct 23,F,Coyote (or bigger),NA,38.03415,-122.9442330,FG,FALSE,TRUE,14 Nov 23 / FG,
PR 92,24 Oct 23,F,Coyote,NA,38.03601,-122.9636392,FG,FALSE,TRUE,14 Nov 23 / FG,
PR 93,24 Oct 23,F,Coyote?,NA,38.11553,-122.8728458,FG,FALSE,TRUE,14 Nov 23 / FG,Sequence!
PR 94,4 Nov 23,F,Coyote,NA,38.14944,-122.9061377,FG,FALSE,TRUE,14 Nov 23 / FG,
PR 95,4 Nov 23,F,Large Carnivore,NA,38.15041,-122.9075355,FG,FALSE,TRUE,14 Nov 23 / FG,
PR 96,4 Nov 23,O,Bobcat ,NA,38.02827,-122.9610950,FG,FALSE,TRUE,14 Nov 23 / FG,
PR 97,4 Nov 23,O,Bobcat?,NA,38.02871,-122.9610950,FG,FALSE,TRUE,14 Nov 23 / FG,
PR 98,4 Nov 23,O,Bobcat?,NA,38.02871,-122.9610950,FG,FALSE,TRUE,14 Nov 23 / FG,
PR 99,4 Nov 23,O,Coyote,NA,38.02825,-122.96106,FG,FALSE,TRUE,14 Nov 23 / FG,
PR 140,4 Nov 23,O,Coyote?,NA,38.02824,-122.96047,FG,FALSE,TRUE,14 Nov 23 / FG,
PR 141,4 Nov 23,O,Coyote,NA,38.02819,-122.96017,FG,FALSE,TRUE,14 Nov 23 / FG,
PR 142,4 Nov 23,O,Coyote?,NA,38.03087,-122.95312,FG,FALSE,TRUE,14 Nov 23 / FG,
PR 143,4 Nov 23,O,Coyote?,NA,38.03343,-122.93862,FG,FALSE,TRUE,14 Nov 23 / FG,
PR 144,4 Nov 23,F,Large Carnivore,NA,38.03434,-122.93966,FG,FALSE,TRUE,14 Nov 23 / FG,
PR 145,4 Nov 23,O,Coyote?,NA,38.03216,-122.93367,FG,FALSE,TRUE,14 Nov 23 / FG,
PR 146,4 Nov 23,O,Otter?,NA,37.99756,-122.98278,FG,FALSE,TRUE,14 Nov 23 / FG,
PR 147,4 Nov 23,F,Otter/Mesocarnivore,NA,37.99757,-122.98280,FG,FALSE,TRUE,14 Nov 23 / FG,
PR 148,4 Nov 23,O,Otter/Mesocarnivore,NA,37.99810,-122.98397,FG,FALSE,TRUE,14 Nov 23 / FG,Sequence!
PR 149,4 Nov 23,O,Coyote?,NA,37.99809,-122.98404,FG,FALSE,TRUE,14 Nov 23 / FG,
PR 150,4 Nov 23,O,Mesocarnivore,NA,37.99806,-122.98430,FG,FALSE,TRUE,14 Nov 23 / FG,
PR 151,4 Nov 23,O,Coyote?,NA,37.99812,-122.98512,FG,FALSE,TRUE,14 Nov 23 / FG,
PR 152,4 Nov 23,O,Coyote?,NA,37.99937,-122.29848,FG,FALSE,TRUE,14 Nov 23 / FG,Sequence!
PR 153,4 Nov 23,O,Coyote,NA,37.99963,-122.98489,FG,FALSE,TRUE,14 Nov 23 / FG,
PR 154,4 Nov 23,O,Coyote,NA,37.99965,-122.98492,FG,FALSE,TRUE,14 Nov 23 / FG,
PR 155,4 Nov 23,O,Coyote,NA,38.00002,-122.98481,FG,FALSE,TRUE,14 Nov 23 / FG,
PR 156,4 Nov 23,F,Coyote,NA,38.00187,-122.98521,FG,FALSE,TRUE,14 Nov 23 / FG,Sequence!
PR 157,5 Nov 23,F,Coyote,NA,38.15055,-122.90737,FG,FALSE,TRUE,14 Nov 23 / FG,
PR 158,5 Nov 23,F,Coyote,NA,38.02088,-122.97215,FG,FALSE,TRUE,14 Nov 23 / FG,
PR 159,5 Nov 23,F,Coyote,NA,38.01942,-122.97371,FG,FALSE,TRUE,14 Nov 23 / FG,
PR 160,5 Nov 23,O,Coyote?,NA,38.02262,-122.97023,FG,FALSE,TRUE,14 Nov 23 / FG,
PR 161,5 Nov 23,O,Coyote?,NA,38.02306,-122.96995,FG,FALSE,TRUE,14 Nov 23 / FG,
PR 162,5 Nov 23,O,Coyote,NA,38.02321,-122.96986,FG,FALSE,TRUE,14 Nov 23 / FG,
PR 163,5 Nov 23,O,Coyote?,NA,38.02617,-122.96426,FG,FALSE,TRUE,14 Nov 23 / FG,
AL 1,4 Nov 23,O,Coyote?,NA,38.11785,-122.95489,AR,FALSE,TRUE,14 Nov 23 / FG,
AL 2,4 Nov 23,O,Coyote?,NA,38.11755,-122.95703,AR,FALSE,TRUE,14 Nov 23 / FG,
AL 3,4 Nov 23,O,Coyote?,NA,38.11652,-122.95660,AR,FALSE,TRUE,14 Nov 23 / FG,
AL 4,4 Nov 23,O,Coyote,NA,38.11634,-122.95676,AR,FALSE,TRUE,14 Nov 23 / FG,
AL 5,4 Nov 23,O,Unknown,NA,38.11525,-122.95656,AR,FALSE,TRUE,14 Nov 23 / FG,
AL 6,4 Nov 23,O,Coyote?,NA,38.11466,-122.95672,AR,FALSE,TRUE,14 Nov 23 / FG,
AL 7,4 Nov 23,O,Coyote?,NA,38.11947,-122.85259,AR,FALSE,TRUE,14 Nov 23 / FG,
AL 8,4 Nov 23,O,Coyote,NA,38.11925,-122.95033,AR,FALSE,TRUE,14 Nov 23 / FG,
AL 9,4 Nov 23,O,Coyote,NA,38.11895,-122.94481,AR,FALSE,TRUE,14 Nov 23 / FG,
AL 10,4 Nov 23,F,Coyote,NA,38.11976,-122.94333,AR,FALSE,TRUE,14 Nov 23 / FG,
AL 11,4 Nov 23,F,Coyote,NA,38.12110,-122.94226,AR,FALSE,TRUE,14 Nov 23 / FG,
AL 12,4 Nov 23,F,Coyote,NA,38.12365,-122.93656,AR,FALSE,TRUE,14 Nov 23 / FG,
PR 170,5 Nov 23,F,Coyote?,NA,37.59380,-122.58340,KV,FALSE,TRUE,14 Nov 23 / FG,
PR 171,5 Nov 23,O,Coyote,NA,37.99346,-122.97427,KV,FALSE,TRUE,14 Nov 23 / FG,
PR 172,5 Nov 23,O,Coyote?,NA,37.99317,-122.97189,KV,FALSE,TRUE,14 Nov 23 / FG,
PR 173,5 Nov 23,O,Coyote?,NA,37.59320,-122.58130,KV,FALSE,TRUE,14 Nov 23 / FG,
PR 174,5 Nov 23,F,Coyote,NA,37.59310,-122.58100,KV,FALSE,TRUE,14 Nov 23 / FG,Sequence! 
PR 175,5 Nov 23,F,Coyote,NA,37.59320,-122.58100,KV,FALSE,TRUE,14 Nov 23 / FG,
PR 176,5 Nov 23,F,Coyote,NA,37.59270,-122.57580,KV,FALSE,TRUE,14 Nov 23 / FG,
PR 177,5 Nov 23,O,Coyote,NA,37.59260,-122.57570,KV,FALSE,TRUE,14 Nov 23 / FG,
PR 178,5 Nov 23,O,Coyote,NA,37.59270,-122.58040,KV,FALSE,TRUE,14 Nov 23 / FG,
PR 179,5 Nov 23,O,Coyote?,NA,37.59270,-122.58050,KV,FALSE,TRUE,14 Nov 23 / FG,
PR 180,5 Nov 23,O,Mesocarnivore,NA,37.59320,-122.58190,KV,FALSE,TRUE,14 Nov 23 / FG,
PR 181,5 Nov 23,F,Mesocarnivore,NA,37.59330,-122.58190,KV,FALSE,TRUE,14 Nov 23 / FG,
PR 182,5 Nov 23,F,Coyote,NA,37.99651,-122.97962,KV,FALSE,TRUE,14 Nov 23 / FG,
PR 183,21 Dec 23,F,Coyote,NA,38.03273,-122.93861,FG,FALSE,TRUE,29 Feb 24 / FG,
PR 184,21 Dec 23,O,Coyote?,NA,38.0049,-122.98385,FG,FALSE,TRUE,29 Feb 24 / FG,
PR 185,13 Jan 24,O,Coyote?,NA,38.02825,-122.96013,FG,FALSE,TRUE,29 Feb 24 / FG,
PR 186,13 Jan 24,F,Coyote,NA,38.02904,-122.95766,FG,FALSE,TRUE,29 Feb 24 / FG,
PR 187,13 Jan 24,O,Coyote,NA,38.03181,-122.9475,FG,FALSE,TRUE,29 Feb 24 / FG,Sequence
PR 188,13 Jan 24,O,Mesocarnivore,NA,38.03182,-122.94753,FG,FALSE,TRUE,29 Feb 24 / FG,
PR 189,13 Jan 24,O,Coyote?,NA,38.03192,-122.9474,FG,FALSE,TRUE,29 Feb 24 / FG,
PR 190,13 Jan 24,O,Coyote?,NA,38.03185,-122.94839,FG,FALSE,TRUE,29 Feb 24 / FG,Small
PR 191,13 Jan 24,F,Coyote?,NA,38.03339,-122.94723,FG,FALSE,TRUE,29 Feb 24 / FG,Small
PR 192,13 Jan 24,F,Coyote,NA,38.03418,-122.94672,FG,FALSE,TRUE,29 Feb 24 / FG,Sequence
PR 193,13 Jan 24,O,Coyote,NA,38.03416,-122.94663,FG,FALSE,TRUE,29 Feb 24 / FG,
PR 194,13 Jan 24,O,Coyote?,NA,38.03422,-122.94583,FG,FALSE,TRUE,29 Feb 24 / FG,
PR 195,13 Jan 24,O,Coyote,NA,38.03423,-122.94535,FG,FALSE,TRUE,29 Feb 24 / FG,
PR 196,13 Jan 24,F,Coyote,NA,38.03525,-122.94216,FG,FALSE,TRUE,29 Feb 24 / FG,
PR 197,13 Jan 24,O,Coyote,NA,38.03303,-122.93806,FG,FALSE,TRUE,29 Feb 24 / FG,Sequence
PR 198,13 Jan 24,O,Coyote,NA,38.03217,-122.93608,FG,FALSE,TRUE,29 Feb 24 / FG,Sequence
PR 199,13 Jan 24,O,Coyote,NA,38.02227,-122.97066,FG,FALSE,TRUE,28 Feb 24 / FG,
PR 200,13 Jan 24,O,Coyote,NA,38.02227,-122.97066,FG,FALSE,TRUE,28 Feb 24 / FG,
PR 201,13 Jan 24,O,Coyote,NA,38.02227,-122.97066,FG,FALSE,TRUE,28 Feb 24 / FG,
PR 202,13 Jan 24,F,Coyote,NA,38.02227,-122.97066,FG,FALSE,TRUE,28 Feb 24 / FG,
PR 203,13 Jan 24,F,Coyote,NA,38.02227,-122.97066,FG,FALSE,TRUE,28 Feb 24 / FG,
PR 204,13 Jan 24,O,Coyote,NA,38.01875,-122.97668,FG,FALSE,TRUE,28 Feb 24 / FG,
PR 205,13 Jan 24,O,Coyote,NA,38.02237,-122.97045,FG,FALSE,TRUE,28 Feb 24 / FG,
PR 206,27 Jan 24,F,Mesocarnivore,NA,38.02681,-122.96333,FG,FALSE,TRUE,28 Feb 24 / FG,Red mold and sand in scat
PR 207,27 Jan 24,O,Coyote?,NA,38.02230,-122.97050,FG,FALSE,TRUE,28 Feb 24 / FG,
PR 208,27 Jan 24,F,Coyote,NA,38.02227,-122.97063,FG,FALSE,TRUE,28 Feb 24 / FG,
PR 209,27 Jan 24,O,Coyote,NA,38.02227,-122.97063,FG,FALSE,TRUE,28 Feb 24 / FG,
PR 210,27 Jan 24,O,Coyote,NA,38.02221,-122.97069,FG,FALSE,TRUE,28 Feb 24 / FG,
PR 211,27 Jan 24,O,Coyote,NA,38.02221,-122.97069,FG,FALSE,TRUE,28 Feb 24 / FG,
PR 212,27 Jan 24,F,Coyote,NA,38.02183,-122.97104,FG,FALSE,TRUE,28 Feb 24 / FG,Sequence
PR 213,27 Jan 24,F,Mesocarnivore,NA,38.02117,-122.97213,FG,FALSE,TRUE,28 Feb 24 / FG,Sandy
PR 214,27 Jan 24,O,Coyote,NA,38.01854,-122.97517,FG,FALSE,TRUE,28 Feb 24 / FG,
PR 215,27 Jan 24,O,Coyote,NA,38.01854,-122.97517,FG,FALSE,TRUE,28 Feb 24 / FG,
PR 216,27 Jan 24,O,Coyote,NA,38.01844,-122.97537,FG,FALSE,TRUE,28 Feb 24 / FG,
PR 217,27 Jan 24,F,Coyote,NA,38.01842,-122.97538,FG,FALSE,TRUE,28 Feb 24 / FG,
PR 218,27 Jan 24,O,Coyote,NA,,,FG,FALSE,TRUE,28 Feb 24 / FG,Unknown if scat was collected or not. No gps taken. 
PR 219,27 Jan 24,F,Coyote?,NA,38.01616,-122.97720,FG,FALSE,TRUE,28 Feb 24 / FG,
PR 220,27 Jan 24,O,Coyote,NA,38.01604,-122.97706,FG,FALSE,TRUE,28 Feb 24 / FG,
PR 221,27 Jan 24,O,Coyote,NA,38.02202,-122.97084,FG,FALSE,TRUE,28 Feb 24 / FG,
PR 222,10 Feb 24,O,Coyote,NA,38.01949,-122.97477,FG,FALSE,TRUE,28 Feb 24 / FG,
PR 223,10 Feb 24,F,Coyote?,NA,38.02909,-122.95724,FG,FALSE,TRUE,28 Feb 24 / FG,
PR 224,10 Feb 24,O,Coyote?,NA,38.02932,-122.95650,FG,FALSE,TRUE,28 Feb 24 / FG,
PR 225,10 Feb 24,F,Coyote?,NA,38.03156,-122.94044,FG,FALSE,TRUE,28 Feb 24 / FG,
PR 226,10 Feb 24,O,Coyote,NA,38.02789,-122.96098,FG,FALSE,TRUE,28 Feb 24 / FG,Sequence
PR 227,11 Feb 24,F,Mesocarnivore,NA,37.99555,-122.97862,FG,FALSE,TRUE,28 Feb 24 / FG,
PR 228,11 Feb 24,F,Coyote?,NA,37.99428,-122.97442,FG,FALSE,TRUE,28 Feb 24 / FG,"Sequence, seal pup present"
PR 229,9 March 24,O,Coyote,NA,38.02827,-122.96053,FG,FALSE,TRUE,4 May 24 / KD,Within month
PR 230,9 March 24,O,Coyote,NA,38.02822,-122.96010,FG,FALSE,TRUE,4 May 24 / KD,Within month
PR 231,9 March 24,O,Coyote?,NA,38.02821,-122.95990,FG,FALSE,TRUE,4 May 24 / KD,Within month
PR 232,9 March 24,O,Coyote,NA,38.02933,-122.95647,FG,FALSE,TRUE,4 May 24 / KD,
PR 233,9 March 24,O,Mesocarnivore,NA,38.03043,-122.95374,FG,FALSE,TRUE,4 May 24 / KD,
PR 234,9 March 24,?,Mesocarnivore,NA,38.03153,-122.95149,FG,FALSE,TRUE,4 May 24 / KD,All sand
PR 235,9 March 24,F,Unknown,NA,38.03131,-122.95092,FG,FALSE,TRUE,4 May 24 / KD,
PR 236,9 March 24,F,Coyote?,NA,38.03124,-122.02500,FG,FALSE,TRUE,4 May 24 / KD,
PR 237,9 March 24,F,Coyote,NA,38.03154,-122.94719,FG,FALSE,TRUE,4 May 24 / KD,
PR 238,9 March 24,O,Coyote?,NA,38.03340,-122.94717,FG,FALSE,TRUE,4 May 24 / KD,
PR 239,9 March 24,O,Meso/Coyote?,NA,38.03394,-122.96744,FG,FALSE,TRUE,4 May 24 / KD,
PR 240,9 March 24,O,Coyote,NA,38.03418,-122.94670,FG,FALSE,TRUE,4 May 24 / KD,
PR 241,9 March 24,O,Coyote,NA,38.03418,-122.94653,FG,FALSE,TRUE,4 May 24 / KD,
PR 242,9 March 24,O,Coyote,NA,38.03420,-122.94621,FG,FALSE,TRUE,4 May 24 / KD,
PR 243,9 March 24,O,Coyote,NA,38.03419,-122.94521,FG,FALSE,TRUE,4 May 24 / KD,
PR 244,9 March 24,O,Coyote,NA,38.03535,-122.94296,FG,FALSE,TRUE,4 May 24 / KD,
PR 245,9 March 24,F,Coyote?,NA,38.02158,-122.97110,FG,FALSE,TRUE,4 May 24 / KD,Dark/sandy
PR 246,9 March 24,F,Mesocarnivore,NA,38.02161,-122.97118,FG,FALSE,TRUE,4 May 24 / KD,Sequence
PR 247,9 March 24,O,Coyote,NA,38.01670,-122.97636,FG,FALSE,TRUE,4 May 24 / KD,Within month
PR 248,9 March 24,F,Coyote,NA,38.01618,-122.97713,FG,FALSE,TRUE,4 May 24 / KD,Sequence
PR 249,9 March 24,F,Coyote,NA,38.01064,-122.98124,FG,FALSE,TRUE,4 May 24 / KD,Sequence
PR 250,9 March 24,O,Coyote?,NA,37.99638,-122.98000,FG,FALSE,TRUE,4 May 24 / KD,Within month
PR 251,9 March 24,O,Coyote,NA,37.99641,-122.97950,FG,FALSE,TRUE,4 May 24 / KD,
PR 252,9 March 24,F,Coyote?,NA,37.99569,-122.97903,FG,FALSE,TRUE,4 May 24 / KD,"Smelly, sequence"
PR 253,9 March 24,O,Coyote?,NA,37.99488,-122.97935,FG,FALSE,TRUE,4 May 24 / KD,Within month
PR 254,9 March 24,O,Coyote,NA,37.09974,-122.98373,FG,FALSE,TRUE,4 May 24 / KD,
PR 255,9 March 24,O,Coyote,NA,38.00014,-122.98406,FG,FALSE,TRUE,4 May 24 / KD,
PR 256,9 March 24,O,Coyote?,NA,38.00027,-122.98413,FG,FALSE,TRUE,4 May 24 / KD,
PR 257,9 March 24,F,Coyote,NA,38.00089,-122.98471,FG,FALSE,TRUE,4 May 24 / KD,Brown gold; sequence
PR 258,10 March 24,F ,Coyote ,NA,38.00201,-122.98513,FG,FALSE,TRUE,9 Sep 24 / FG,Sequence
PR 259,10 March 24,F ,Coyote ,NA,38.00226,-122.98492,FG,FALSE,TRUE,9 Sep 24 / FG,
PR 260,10 March 24,F ,Coyote ,NA,38.00490,-122.98454,FG,FALSE,TRUE,9 Sep 24 / FG,
PR 261,10 March 24,O,Coyote ,NA,38.00632,-122.98392,FG,FALSE,TRUE,9 Sep 24 / FG,
PR 262,10 March 24,O,Coyote ,NA,38.01255,-122.98119,FG,FALSE,TRUE,9 Sep 24 / FG,Dead cow
PR 263,10 March 24,O,Coyote ,NA,38.00286,-122.98531,FG,FALSE,TRUE,9 Sep 24 / FG,
PR 264,10 March 24,O,Coyote ,NA,38.00198,-122.98517,FG,FALSE,TRUE,9 Sep 24 / FG,
PR 265,10 March 24,O,Coyote ,NA,38.00198,-122.98518,FG,FALSE,TRUE,9 Sep 24 / FG,
PR 266,10 March 24,O,Coyote ,NA,37.99667,-122.98165,FG,FALSE,TRUE,9 Sep 24 / FG,
PR 267,6 Apr 24,O*,Coyote ,NA,38.02687,-122.96332,FG,TRUE,TRUE,9 Sep 24 / FG,Within a month old
PR 268,6 Apr 24,F,Coyote ,NA,38.02228,-122.97065,FG,TRUE,TRUE,9 Sep 24 / FG,
PR 269,6 Apr 24,O*,Coyote ,NA,38.02225,-122.97066,FG,FALSE,TRUE,9 Sep 24 / FG,
PR 270,6 Apr 24,F,Coyote ,NA,38.02118,-122.9725,FG,TRUE,TRUE,9 Sep 24 / FG,
PR 271,6 Apr 24,O,Coyote ,NA,38.0127,-122.98087,FG,FALSE,TRUE,9 Sep 24 / FG,Dead cow
PR 272,6 Apr 24,O,Coyote?,NA,38.01223,-122.9813,FG,FALSE,TRUE,9 Sep 24 / FG,
PR 273,6 Apr 24,F,Coyote,NA,38.01149,-122.98042,FG,TRUE,TRUE,9 Sep 24 / FG,
PR 274,6 Apr 24,O*,Coyote?,NA,38.01577,-122.97710,FG,TRUE,TRUE,9 Sep 24 / FG,
PR 275,6 Apr 24,F,Coyote,NA,38.01578,-122.97710,FG,FALSE,TRUE,9 Sep 24 / FG,
PR 276,6 Apr 24,O,Coyote,NA,38.03130,-122.95153,FG,TRUE,TRUE,,
PR 277,6 Apr 24,?,Coyote,NA,38.03222,-122.93890,FG,FALSE,TRUE,,
PR 278,7 Apr 24,O,Coyote,NA,38.01374,-123.00447,FG,TRUE,TRUE,,
PR 279,7 Apr 24,O,Coyote,NA,38.01436,-123.00462,FG,TRUE,TRUE,,
PR 280,4 May 24,O,Coyote?,NA,38.02396,-122.96810,KV,FALSE,TRUE,,
PR 281,4 May 24,O,?,NA,38.02335,-122.96946,KV,TRUE,TRUE,,
PR 282,4 May 24,O*,Coyote,NA,38.02274,-122.97102,KV,TRUE,TRUE,,Marked as F/O in data sheet
PR 283,4 May 24,O,Coyote,NA,38.02273,-122.97102,KV,FALSE,TRUE,,
PR 284,4 May 24,O,Coyote,NA,38.02275,-122.97083,KV,TRUE,TRUE,,
PR 285,4 May 24,O,Coyote,NA,38.02296,-122.97104,KV,TRUE,TRUE,,
PR 286,4 May 24,O*,Coyote,NA,38.02294,-122.97105,KV,FALSE,TRUE,,
PR 287,4 May 24,F,Coyote,NA,38.02299,-122.97111,KV,TRUE,TRUE,,
PR 288,4 May 24,O,Coyote?,NA,38.02178,-122.97349,KV,TRUE,TRUE,,
PR 289,4 May 24,F,Coyote,NA,38.02037,-122.97341,KV,TRUE,TRUE,,
PR 290,4 May 24,O*,Coyote,NA,38.01999,-122.97410,KD,TRUE,TRUE,,
PR 291,4 May 24,F,Coyote,NA,38.02002,-122.97411,KD,TRUE,TRUE,,
PR 292,4 May 24,O*,Coyote,NA,38.0199,-122.9743,KD,TRUE,TRUE,,
PR 293,4 May 24,F,Cow?,NA,38.01991,-122.97432,KD,TRUE,TRUE,,"Lots of scat spread out, likely not coyote. Cow/deer?"
PR 294,4 May 24,F,Coyote?,NA,38.02048,-122.97622,KD,TRUE,TRUE,,
PR 295,4 May 24,F/O,Coyote?,NA,38.02057,-122.97648,KD,TRUE,TRUE,12 Nov 24 / GG,
PR 296,5 May 24,F,Coyote,NA,38.03595,-122.96371,FG,TRUE,TRUE,12 Nov 24 / GG,
PR 297,5 May 24,,Coyote,NA,38.02889,-122.96191,KV,TRUE,TRUE,12 Nov 24 / GG,
PR 298,5 May 24,O,Coyote,NA,38.02892,-122.96217,KD,TRUE,TRUE,12 Nov 24 / GG,
PR 299,5 May 24,O,Coyote,NA,38.02948,-122.96179,KD,TRUE,TRUE,12 Nov 24 / GG,
PR 300,4 May 24,F?,Coyote?,NA,38.0316571,-122.95214,FG,FALSE,TRUE,12 Nov 24 / GG,
PR 301,4 May 24,O,Coyote ,NA,38.031339,-122.95277,FG,FALSE,TRUE,12 Nov 24 / GG,
PR 302,4 May 24,O,Coyote ,NA,38.0323503,-122.93831,FG,FALSE,TRUE,12 Nov 24 / GG,
PR 303,4 May 24,O,Coyote?,NA,38.0313615,-122.95005,FG,FALSE,TRUE,12 Nov 24 / GG,
PR 304,4 May 24,O,Coyote ,NA,38.03320,-122.93827,FG,TRUE,TRUE,12 Nov 24 / GG,
PR 305,4 May 24,O,Coyote ,NA,38.03304,-122.93858,FG,TRUE,TRUE,12 Nov 24 / GG,
PR 306,4 May 24,F,Coyote Pup?/Meso,NA,38.01633,-122.97670,FG,FALSE,TRUE,12 Nov 24 / GG,
PR 307,5 May 24,O*,Coyote?,NA,38.02814,-122.96342,KV,TRUE,TRUE,12 Nov 24 / GG,
PR 308,5 May 24,F,Coyote,NA,37.99418,-122.97764,KV,TRUE,TRUE,12 Nov 24 / GG,"15 is written, Note meaning unknown"
PR 309,5 May 24,F,Coyote,NA,37.9935,-122.97513,Kv,TRUE,TRUE,12 Nov 24 / GG,
PR 310,5 May 24,F?,Coyote,NA,37.99659,-122.98111,FG,TRUE,TRUE,12 Nov 24 / GG,Within month
PR 311,5 May 24,F,Coyote?,NA,38.00198,-122.98515,FG,TRUE,TRUE,12 Nov 24 / GG,"Small, More than 1 labeled with this name"
PR 312,5 May 24,O,Coyote,NA,38.00227,-122.98491,KV,TRUE,TRUE,12 Nov 24 / GG,More than 1 labeled with this name
PR 313,5 May 24,O,Coyote?,NA,38.00467,-122.98411,KV,TRUE,TRUE,12 Nov 24 / GG,More than 1 labeled with this name
PR 314,5 May 24,O*,Coyote,NA,38.00306,-122.98529,KV,TRUE,TRUE,12 Nov 24 / GG,More than 1 labeled with this name
PR 315,5 May 24,O,Coyote,NA,37.99739,-122.98190,KV,TRUE,TRUE,12 Nov 24 / GG,More than 1 labeled with this name
PR 353,5 Aug 24,O,Coyote?,NA,37.99845,-123.00059,FG,TRUE,TRUE,12 Nov 24 / GG,More than 1 labeled with this name
PR 354,5 Aug 24,O,Coyote?,NA,38.00297,-123.01105,FG,TRUE,TRUE,12 Nov 24 / GG,More than 1 labeled with this name
PR 355,5 Aug 24,O,Coyote,NA,38.00425,-123.00457,FG,TRUE,TRUE,12 Nov 24 / GG,
PR 356,5 Aug 24,O,Mesocarnivore,NA,38.00201,-123.00114,FG,TRUE,TRUE,12 Nov 24 / GG,
PR 357,5 Aug 24,O,Coyote,NA,38.00130,-123.00003,FG,TRUE,TRUE,12 Nov 24 / GG,
PR 358,5 Aug 24,O,Coyote?,NA,38.07566,-122.97112,FG,TRUE,TRUE,12 Nov 24 / GG,
PR 359,5 Aug 24,O,Coyote,NA,38.07604,-122.96960,FG,TRUE,TRUE,12 Nov 24 / GG,
PR 360,5 Aug 24,O,Coyote?,NA,38.07600,-122.96892,FG,TRUE,TRUE,12 Nov 24 / GG,
PR 361,6 Sep 24,F,Coyote,NA,38.06036,-122.97350,FG,TRUE,TRUE,12 Nov 24 / GG,
PR 362,6 Sep 24,F,Coyote,NA,38.06059,-122.97341,FG,TRUE,TRUE,12 Nov 24 / GG,
PR 363,6 Sep 24,O,Coyote?,NA,38.00492,-122.98386,FG,TRUE,TRUE,12 Nov 24 / GG,Small
PR 364,6 Sep 24,F,Coyote,NA,38.00491,-122.98383,FG,TRUE,TRUE,12 Nov 24 / GG,Small
PR 365,6 Sep 24,O,Coyote,NA,38.00491,-122.98383,FG,FALSE,TRUE,12 Nov 24 / GG,
PR 366,6 Sep 24,O*,Coyote,NA,38.00491,-122.98383,FG,TRUE,TRUE,12 Nov 24 / GG,*
PR 367-368,6 Sep 24,O,Coyote,NA,38.00533,-122.98367,FG,FALSE,TRUE,12 Nov 24 / GG,
PR 307,1 June 24,O*,Coyote?,NA,38.0315947,-122.95226,FG,TRUE,TRUE,13 Nov 24 / VC,More than 1 labeled with this name
PR 308,1 June 24,O*,Coyote,NA,38.0317313,-122.95227,FG,TRUE,TRUE,13 Nov 24 / VC,More than 1 labeled with this name
PR 309,1 June 24,O*,Coyote Pup/Meso,NA,38.0319138,-122.95197,FG,TRUE,TRUE,13 Nov 24 / VC,More than 1 labeled with this name
PR 310,1 June 24,O,Coyote,NA,38.022324,-122.97049,FG,TRUE,TRUE,13 Nov 24 / VC,More than 1 labeled with this name
PR 311,1 June 24,O,Coyote,NA,38.02232,-122.97050,FG,TRUE,TRUE,12 Nov 24 / GG,More than 1 labeled with this name
PR 312,1 June 24,O*,Coyote,NA,38.02225,-122.97067,FG,TRUE,TRUE,12 Nov 24 / GG,More than 1 labeled with this name
PR 313,1 June 24,O,Coyote,NA,38.02225,-122.97067,FG,TRUE,TRUE,12 Nov 24 / GG,More than 1 labeled with this name
PR 314,1 June 24,O,Coyote,NA,38.01578,-122.97714,FG,TRUE,TRUE,12 Nov 24 / GG,More than 1 labeled with this name
PR 315,1 June 24,O,Coyote,NA,38.00984,-122.98162,FG,TRUE,TRUE,12 Nov 24 / GG,More than 1 labeled with this name
PR 316,1 June 24,O,Coyote,NA,38.01660,-122.97635,FG,TRUE,TRUE,12 Nov 24 / GG,More than 1 labeled with this name
PR 317,1 June 24,O,Coyote,NA,38.02711,-122.96242,FG,TRUE,TRUE,12 Nov 24 / GG,More than 1 labeled with this name
PR 318,26 Jun 24,O,Coyote?,NA,38.01067,-122.98193,FG,TRUE,TRUE,12 Nov 24 / GG,
PR 319,26 Jun 24,O*,Coyote?,NA,38.03108,-122.95025,FG,TRUE,TRUE,12 Nov 24 / GG,
PR 320,26 Jun 24,O*,Coyote,NA,38.03109,-122.95020,FG,TRUE,TRUE,12 Nov 24 / GG,*
PR 321,26 Jun 24,O,Coyote?,NA,38.03102,-122.95016,FG,TRUE,TRUE,12 Nov 24 / GG,
PR 322,26 Jun 24,O,Coyote?,NA,38.03133,-122.95158,FG,TRUE,TRUE,12 Nov 24 / GG,*?
PR 323,26 Jun 24,O*,Coyote,NA,38.03173,-122.95226,FG,TRUE,TRUE,12 Nov 24 / GG,*
PR 324,26 Jun 24,O,Meso,NA,38.02856,-122.96303,FG,TRUE,TRUE,12 Nov 24 / GG,
PR 325,26 Jun 24,O,Coyote,NA,38.03407,-122.96292,FG,TRUE,TRUE,12 Nov 24 / GG,
PR 326,26 Jun 24,O,Coyote,NA,38.03447,-122.96307,FG,TRUE,TRUE,12 Nov 24 / GG,
PR 327,26 Jun 24,O,Coyote,NA,38.03446,-122.96304,FG,TRUE,TRUE,12 Nov 24 / GG,
PR 328,26 Jun 24,O,Coyote,NA,38.03449,-122.96308,FG,TRUE,TRUE,12 Nov 24 / GG,
PR 329,26 Jun 24,F,Coyote?,NA,38.04763,-122.97363,FG,TRUE,TRUE,12 Nov 24 / GG,
PR 330,26 Jun 24,O,Coyote,NA,38.07573,-122.97107,FG,TRUE,TRUE,12 Nov 24 / GG,
PR 331,26 Jun 24,O,Coyote,NA,38.07605,-122.96880,FG,TRUE,TRUE,12 Nov 24 / GG,
PR 332,4 Aug 24,O,Coyote?,NA,38.03127,-122.95301,FG,TRUE,TRUE,12 Nov 24 / GG,
PR 333,4 Aug 24,F,Coyote?,NA,38.03143,-122.95246,FG,TRUE,TRUE,12 Nov 24 / GG,Small
PR 334,4 Aug 24,O,Coyote,NA,38.03172,-122.95232,FG,TRUE,TRUE,12 Nov 24 / GG,
PR 335,4 Aug 24,O,Coyote?,NA,38.03164,-122.95169,FG,TRUE,TRUE,12 Nov 24 / GG,
PR 336,4 Aug 24,O,Coyote?,NA,38.03278,-122.93827,FG,TRUE,FALSE,12 Nov 24 / GG,
PR 337,4 Aug 24,F,Coyote?,NA,38.03239,-122.93597,FG,TRUE,TRUE,12 Nov 24 / GG,Small
PR 338,4 Aug 24,O,Coyote,NA,38.03169,-122.93719,FG,TRUE,TRUE,12 Nov 24 / GG,
PR 339,4 Aug 24,O,Coyote,NA,38.03205,-122.93679,FG,TRUE,TRUE,12 Nov 24 / GG,
PR 340,4 Aug 24,O,Coyote,NA,38.01057,-122.98140,FG,TRUE,TRUE,12 Nov 24 / GG,
PR 341,4 Aug 24,O,Coyote,NA,38.01082,-122.98158,FG,TRUE,TRUE,12 Nov 24 / GG,
PR 342,4 Aug 24,O,Coyote,NA,38.01083,-122.98161,FG,TRUE,TRUE,12 Nov 24 / GG,
PR 343,4 Aug 24,O,Coyote,NA,38.01083,-122.98161,FG,TRUE,TRUE,12 Nov 24 / GG,
PR 344,5 Aug 24,O,Coyote,NA,37.99567,-122.97892,FG,TRUE,TRUE,12 Nov 24 / GG,
PR 345,5 Aug 24,O,Coyote,NA,37.99484,-122.97723,FG,TRUE,TRUE,12 Nov 24 / GG,
PR 346,5 Aug 24,F,Coyote?,NA,37.99470,-122.97643,FG,TRUE,TRUE,12 Nov 24 / GG,
PR 347,5 Aug 24,O,Coyote,NA,37.99466,-122.97618,FG,TRUE,TRUE,12 Nov 24 / GG,
PR 348,5 Aug 24,O,Coyote?,NA,37.99395,-122.97343,FG,TRUE,TRUE,12 Nov 24 / GG,
PR 349,5 Aug 24,O,Coyote,NA,37.99411,-122.97400,FG,TRUE,TRUE,12 Nov 24 / GG,
PR 350,5 Aug 24,O,Coyote?,NA,37.99357,-122.97404,FG,TRUE,TRUE,12 Nov 24 / GG,
PR 351,5 Aug 24,O,Coyote,NA,37.99328,-122.97361,FG,TRUE,TRUE,12 Nov 24 / GG,
PR 352,5 Aug 24,F,Coyote?,NA,37.99466,-122.97893,FG,TRUE,TRUE,12 Nov 24 / GG,
PR 370,6 Sep 24,O,Mesocarnivore,5,38.03226,-122.93920,FG,TRUE,TRUE,29 Jul 25 / SH,
PR 371,6 Sep 24,F,Mesocarnivore,5,38.03126,-122.94543,FG,TRUE,TRUE,29 Jul 25 / SH,sequence!
PR 372,7 Oct 24,O,Coyote,4,37.99619,-122.97891,FG,TRUE,TRUE,29 Jul 25 / SH,
PR 373,7 Oct 24,O,Coyote?,3,37.99619,-122.97870,FG,TRUE,TRUE,29 Jul 25 / SH,
PR 374,7 Oct 24,O,Coyote?,3,37.99492,-122.97739,FG,TRUE,TRUE,29 Jul 25 / SH,
PR 375,7 Oct 24,O,Coyote,4,37.99480,-122.97688,FG,TRUE,TRUE,29 Jul 25 / SH,
PR 376,7 Oct 24,O*,Coyote,5,37.99467,-122.97614,FG,TRUE,TRUE,29 Jul 25 / SH,birds *
PR 377,7 Oct 24,O*,Coyote,4,37.99460,-122.97585,FG,TRUE,TRUE,29 Jul 25 / SH,birds *
PR 378,7 Oct 24,O*,Coyote?,3,37.99447,-122.97503,FG,TRUE,TRUE,29 Jul 25 / SH,"small, birds *"
PR 379,20 Dec 24,F,Coyote,5,38.06130,-122.97330,FG,TRUE,TRUE,29 Jul 25 / SH,
PR 380,20 Dec 24,F,Coyote,4,38.06149,-122.97329,FG,TRUE,TRUE,29 Jul 25 / SH,
PR 381,20 Dec 24,F,Coyote,4,38.04882,-122.98849,FG,TRUE,TRUE,29 Jul 25 / SH,could be domestic dog
PR 382,20 Dec 24,O,Coyote,4,38.04147,-122.99180,FG,TRUE,TRUE,29 Jul 25 / SH,
PR 383,21 Dec 24,O,Coyote?,3,38.01561,-122.97836,FG,TRUE,TRUE,29 Jul 25 / SH,
PR 384,21 Dec 24,O,Coyote?,4,38.01082,-122.98148,FG,TRUE,TRUE,29 Jul 25 / SH,
PR 385,21 Dec 24,O,Coyote?,4,38.01082,-122.98148,FG,TRUE,TRUE,29 Jul 25 / SH,
PR 386,21 Dec 24,F,Coyote?,4,38.01375,-122.98005,FG,FALSE,TRUE,29 Jul 25 / SH,
PR 387,4 Jan 25,O,Mesocarnivore,5,38.00698,-122.00710,FG,FALSE,TRUE,29 Jul 25 / SH,"no pic, sand+feathers"
PR 388,4 Jan 25,O,Coyote,5,38.00764,-122.00510,FG,TRUE,TRUE,29 Jul 25 / SH,
PR 389,4 Jan 25,O,Coyote?,3,38.03189,-122.93519,FG,TRUE,TRUE,29 Jul 25 / SH,small
PR 390,5 Jan 25,O,Coyote,4,38.01622,-122.97713,FG,TRUE,TRUE,29 Jul 25 / SH,inverts (not sure land vs. sea)
PR 391,5 Jan 25,F,Coyote?,2,38.01709,-122.97539,FG,TRUE,TRUE,29 Jul 25 / SH,almost all sand *
PR 392,1 Feb 25,O,Coyote,4,38.03525,-122.99439,FG,FALSE,TRUE,29 Jul 25 / SH,
PR 393,1 Feb 25,O,Coyote,4,38.03523,-122.99439,FG,FALSE,TRUE,29 Jul 25 / SH,
PR 394,1 Feb 25,F,Coyote,4,38.03506,-122.99450,FG,FALSE,TRUE,29 Jul 25 / SH,
PR 395,1 Feb 25,O,Coyote,4,38.03532,-122.99352,FG,FALSE,TRUE,29 Jul 25 / SH,
PR 396,1 Feb 25,F,Coyote,5,38.00775,-122.99827,FG,FALSE,TRUE,29 Jul 25 / SH,"sand, seal? *"
PR 397,1 Feb 25,F,Coyote,5,38.00775,-122.99827,FG,FALSE,TRUE,29 Jul 25 / SH,*
PR 398,1 Feb 25,F,Coyote,4,38.00291,-122.01024,FG,FALSE,TRUE,29 Jul 25 / SH,sand
PR 399,1 Feb 25,F,Coyote,5,38.00760,-122.00496,FG,TRUE,TRUE,29 Jul 25 / SH,marine inverts *
PR 400,2 Feb 25,O,Bobcat,3,38.00598,-122.98407,FG,TRUE,TRUE,29 Jul 25 / SH,
PR 401,2 Feb 25,O,Coyote,4,38.00621,-122.98416,FG,TRUE,TRUE,29 Jul 25 / SH,
PR 402,2 Feb 25,O,Coyote,4,38.00629,-122.98403,FG,TRUE,TRUE,29 Jul 25 / SH,
PR 403,2 Feb 25,O*,Coyote,5,38.01061,-122.98128,FG,TRUE,TRUE,29 Jul 25 / SH,on cam *
PR 404,2 Feb 25,F,Coyote?,4,38.01579,-122.97827,FG,TRUE,TRUE,29 Jul 25 / SH,"sandy, big *"
PR 405,2 Feb 25,O*,Coyote,5,38.02234,-122.97039,FG,TRUE,TRUE,29 Jul 25 / SH,
PR 406,2 Feb 25,F,Mesocarnivore,4,38.02341,-122.96938,FG,TRUE,TRUE,29 Jul 25 / SH,sand + seal? *
PR 407,2 Feb 25,O,Coyote,4,38.02353,-122.96915,FG,TRUE,TRUE,29 Jul 25 / SH,
PR 408,15 Feb 25,O,Coyote?,4,38.02758,-122.96343,FG,TRUE,TRUE,29 Jul 25 / SH,
PR 409,15 Feb 25,F,Coyote,4,38.03024,-122.95393,FG,TRUE,TRUE,29 Jul 25 / SH,
PR 410,16 Feb 25,O,Coyote?,4,38.03514,-122.99251,FG,TRUE,TRUE,29 Jul 25 / SH,
PR 411,16 Feb 25,O,Coyote?,4,38.03500,-122.99212,FG,TRUE,TRUE,29 Jul 25 / SH,
PR 412,16 Feb 25,O,Coyote?,4,38.03495,-122.99208,FG,TRUE,TRUE,29 Jul 25 / SH,
PR 413,16 Feb 25,O,Coyote,4,38.03051,-122.99251,FG,TRUE,TRUE,29 Jul 25 / SH,
PR 414,16 Feb 25,F,Coyote,4,38.00709,-122.00759,FG,TRUE,TRUE,29 Jul 25 / SH,sand *
PR 415,16 Feb 25,F,Coyote,4,38.00805,-122.99871,FG,TRUE,TRUE,29 Jul 25 / SH,sand *
PR 416,25 Apr 25,O*,Coyote,4,38.00488,-122.98381,FG,TRUE,TRUE,29 Jul 25 / SH,
PR 417,26 Apr 25,O,Carnivore,5,38.01082,-123.00622,FG,TRUE,TRUE,29 Jul 25 / SH,mole crabs + sand *
PR 418,26 Apr 25,O,Coyote,4,38.00785,-123.00764,FG,TRUE,TRUE,29 Jul 25 / SH,
PR 419,26 Apr 25,O,Coyote,3,38.01372,-123.00487,FG,TRUE,TRUE,29 Jul 25 / SH,
PR 420,26 Apr 25,O,Coyote,5,38.01392,-123.00471,FG,TRUE,TRUE,29 Jul 25 / SH,
PR 421,26 Apr 25,O,Coyote,4,38.01394,-123.00471,FG,TRUE,TRUE,29 Jul 25 / SH,
PR 422,3 Jun 25,F,Coyote,4,38.03139,-122.94509,FG,TRUE,TRUE,29 Jul 25 / SH,
PR 509,15 Feb 25,F,Coyote??,3,38.02625,-122.9640500,RN / SD,TRUE,TRUE,29 Jul 25 / SH,
PR 510,15 Feb 25,F,Coyote?,4,38.02485,-122.9671800,RN / SD,TRUE,TRUE,29 Jul 25 / SH,
PR 511,15 Feb 25,F,Coyote?,3,38.0259676,-122.9674000,RN / SD,TRUE,TRUE,29 Jul 25 / SH,
PR 512,15 Feb 25,F,Coyote,4,38.0259676,-122.9674600,RN / SD,TRUE,TRUE,29 Jul 25 / SH,
PR 513,15 Feb 25,F,Coyote?,3,38.0270440,-122.9629800,RN / SD,TRUE,TRUE,29 Jul 25 / SH,very sandy
PR 500,15 Feb 25,O,Coyote,5,38.0303730,-122.9610660,RA / M,TRUE,TRUE,29 Jul 25 / SH,
PR 501,15 Feb 25,F,Coyote,4,38.0315619,-122.9581195,RA / M,TRUE,TRUE,29 Jul 25 / SH,
PR 502,15 Feb 25,O,Coyote,3,38.0299733,-122.9574010,RA / M,FALSE,TRUE,29 Jul 25 / SH,
PR 503,15 Feb 25,O,Coyote,3,38.0301156,-122.9576100,RA / M,FALSE,TRUE,29 Jul 25 / SH,
PR 504,15 Feb 25,F,Coyote,3,38.0295570,-122.9573362,RA / M,FALSE,TRUE,29 Jul 25 / SH,
PR 505,15 Feb 25,O,Coyote,4,38.0290506,-122.9577650,RA / M,FALSE,TRUE,29 Jul 25 / SH,
PR 506,16 Feb 25,F,Coyote,3,38.0324080,-122.9879221,AK / SD,TRUE,TRUE,29 Jul 25 / SH,
PR 507,16 Feb 25,F?,Coyote?,3,38.0323880,-122.9879151,AK / SD,TRUE,TRUE,29 Jul 25 / SH,
PR 508,16 Feb 25,O,Coyote?,4,38.0334410,-122.9897300,AK / SD,TRUE,TRUE,29 Jul 25 / SH,
PR 514,16 Feb 25,O,Coyote?,3,38.0338920,-122.9906200,AK / SD,TRUE,TRUE,29 Jul 25 / SH,
PR 515,16 Feb 25,O,Coyote,3,38.0338900,-122.9906990,AK / SD,TRUE,TRUE,29 Jul 25 / SH,
PR 516,16 Feb 25,O*,Coyote,4,38.0339370,-122.9907520,AK / SD,TRUE,TRUE,29 Jul 25 / SH,
PR 517,16 Feb 25,O,Coyote,4,38.0339840,-122.9908115,AK / SD,TRUE,TRUE,29 Jul 25 / SH,
PR 518,16 Feb 25,O,Coyote,4,38.0344506,-122.9913720,AK / SD,TRUE,TRUE,29 Jul 25 / SH,
PR 519,16 Feb 25,F,Coyote?,3,37.9960813,-122.9789100,AK / SD,TRUE,TRUE,29 Jul 25 / SH,
PR 520,16 Feb 25,O,Coyote?,3,37.9961500,-122.9787000,AK / SD,TRUE,TRUE,29 Jul 25 / SH,"same area, owl?"
PR 521,16 Feb 25,O,Coyote?,3,37.9959950,-122.9788000,AK / SD,TRUE,TRUE,29 Jul 25 / SH,"same area, owl?"
PR 522,16 Feb 25,O,Coyote?,3,37.9959801,-122.9787461,AK / SD,TRUE,TRUE,29 Jul 25 / SH,"same area, owl?"
PR 523,16 Feb 25,O,Coyote,3,37.9950240,-122.9783800,AK / SD,TRUE,TRUE,29 Jul 25 / SH,
PR 524,16 Feb 25,O,Coyote,4,37.9947788,-122.9765480,AK / SD,TRUE,TRUE,29 Jul 25 / SH,
,,,,,,,,FALSE,FALSE,,
,,,,,,,,FALSE,FALSE,,
,,,,,,,,FALSE,FALSE,,
,,,,,,,,FALSE,FALSE,,
,,,,,,,,FALSE,FALSE,,
,,,,,,,,FALSE,FALSE,,
,,,,,,,,FALSE,FALSE,,
,,,,,,,,FALSE,FALSE,,
,,,,,,,,FALSE,FALSE,,
,,,,,,,,FALSE,FALSE,,
,,,,,,,,FALSE,FALSE,,
,,,,,,,,FALSE,FALSE,,
,,,,,,,,FALSE,FALSE,,
,,,,,,,,FALSE,FALSE,,
,,,,,,,,FALSE,FALSE,,
,,,,,,,,FALSE,FALSE,,
,,,,,,,,FALSE,FALSE,,
,,,,,,,,FALSE,FALSE,,
,,,,,,,,FALSE,FALSE,,
,,,,,,,,FALSE,FALSE,,
,,,,,,,,FALSE,FALSE,,
,,,,,,,,FALSE,FALSE,,
,,,,,,,,FALSE,FALSE,,
,,,,,,,,FALSE,FALSE,,
,,,,,,,,FALSE,FALSE,,
,,,,,,,,FALSE,FALSE,,
,,,,,,,,FALSE,FALSE,,
,,,,,,,,FALSE,FALSE,,
,,,,,,,,FALSE,FALSE,,
,,,,,,,,FALSE,FALSE,,
,,,,,,,,FALSE,FALSE,,
,,,,,,,,FALSE,FALSE,,
,,,,,,,,FALSE,FALSE,,
,,,,,,,,FALSE,FALSE,,
,,,,,,,,FALSE,FALSE,,
,,,,,,,,FALSE,FALSE,,
,,,,,,,,FALSE,FALSE,,
,,,,,,,,FALSE,FALSE,,
,,,,,,,,FALSE,FALSE,,
,,,,,,,,FALSE,FALSE,,
,,,,,,,,FALSE,FALSE,,
,,,,,,,,FALSE,FALSE,,
,,,,,,,,FALSE,FALSE,,
,,,,,,,,FALSE,FALSE,,
,,,,,,,,FALSE,FALSE,,
,,,,,,,,FALSE,FALSE,,
,,,,,,,,FALSE,FALSE,,
,,,,,,,,FALSE,FALSE,,
,,,,,,,,FALSE,FALSE,,
,,,,,,,,FALSE,FALSE,,
,,,,,,,,FALSE,FALSE,,
,,,,,,,,FALSE,FALSE,,
,,,,,,,,FALSE,FALSE,,
,,,,,,,,FALSE,FALSE,,
,,,,,,,,FALSE,FALSE,,
,,,,,,,,FALSE,FALSE,,
,,,,,,,,FALSE,FALSE,,
,,,,,,,,FALSE,FALSE,,
,,,,,,,,FALSE,FALSE,,
,,,,,,,,FALSE,FALSE,,
,,,,,,,,FALSE,FALSE,,
,,,,,,,,FALSE,FALSE,,
,,,,,,,,FALSE,FALSE,,
,,,,,,,,FALSE,FALSE,,
,,,,,,,,FALSE,FALSE,,
,,,,,,,,FALSE,FALSE,,
,,,,,,,,FALSE,FALSE,,
,,,,,,,,FALSE,FALSE,,
,,,,,,,,FALSE,FALSE,,
,,,,,,,,FALSE,FALSE,,
,,,,,,,,FALSE,FALSE,,
,,,,,,,,FALSE,FALSE,,
,,,,,,,,FALSE,FALSE,,
,,,,,,,,FALSE,FALSE,,
,,,,,,,,FALSE,FALSE,,
,,,,,,,,FALSE,FALSE,,
,,,,,,,,FALSE,FALSE,,
,,,,,,,,FALSE,FALSE,,
,,,,,,,,FALSE,FALSE,,
,,,,,,,,FALSE,FALSE,,
,,,,,,,,FALSE,FALSE,,
,,,,,,,,FALSE,FALSE,,
,,,,,,,,FALSE,FALSE,,
,,,,,,,,FALSE,FALSE,,
,,,,,,,,FALSE,FALSE,,
,,,,,,,,FALSE,FALSE,,
,,,,,,,,FALSE,FALSE,,
,,,,,,,,FALSE,FALSE,,
,,,,,,,,FALSE,FALSE,,
,,,,,,,,FALSE,FALSE,,
,,,,,,,,FALSE,FALSE,,
,,,,,,,,FALSE,FALSE,,
,,,,,,,,FALSE,FALSE,,
,,,,,,,,FALSE,FALSE,,
,,,,,,,,FALSE,FALSE,,
,,,,,,,,FALSE,FALSE,,
,,,,,,,,FALSE,FALSE,,
,,,,,,,,FALSE,FALSE,,
,,,,,,,,FALSE,FALSE,,
,,,,,,,,FALSE,FALSE,,
,,,,,,,,FALSE,FALSE,,
,,,,,,,,FALSE,FALSE,,
,,,,,,,,FALSE,FALSE,,
,,,,,,,,FALSE,FALSE,,
,,,,,,,,FALSE,FALSE,,
,,,,,,,,FALSE,FALSE,,
,,,,,,,,FALSE,FALSE,,
,,,,,,,,FALSE,FALSE,,
,,,,,,,,FALSE,FALSE,,
,,,,,,,,FALSE,FALSE,,
,,,,,,,,FALSE,FALSE,,
,,,,,,,,FALSE,FALSE,,
,,,,,,,,FALSE,FALSE,,
,,,,,,,,FALSE,FALSE,,
,,,,,,,,FALSE,FALSE,,
,,,,,,,,FALSE,FALSE,,
,,,,,,,,FALSE,FALSE,,
,,,,,,,,FALSE,FALSE,,
,,,,,,,,FALSE,FALSE,,
,,,,,,,,FALSE,FALSE,,
,,,,,,,,FALSE,FALSE,,
,,,,,,,,FALSE,FALSE,,
,,,,,,,,FALSE,FALSE,,
,,,,,,,,FALSE,FALSE,,
,,,,,,,,FALSE,FALSE,,
,,,,,,,,FALSE,FALSE,,
,,,,,,,,FALSE,FALSE,,
,,,,,,,,FALSE,FALSE,,
,,,,,,,,FALSE,FALSE,,
,,,,,,,,FALSE,FALSE,,
,,,,,,,,FALSE,FALSE,,
,,,,,,,,FALSE,FALSE,,
,,,,,,,,FALSE,FALSE,,
,,,,,,,,FALSE,FALSE,,
,,,,,,,,FALSE,FALSE,,
,,,,,,,,FALSE,FALSE,,
,,,,,,,,FALSE,FALSE,,
,,,,,,,,FALSE,FALSE,,
,,,,,,,,FALSE,FALSE,,
,,,,,,,,FALSE,FALSE,,
,,,,,,,,FALSE,FALSE,,
,,,,,,,,FALSE,FALSE,,
,,,,,,,,FALSE,FALSE,,
,,,,,,,,FALSE,FALSE,,
,,,,,,,,FALSE,FALSE,,
,,,,,,,,FALSE,FALSE,,
,,,,,,,,FALSE,FALSE,,
,,,,,,,,FALSE,FALSE,,
,,,,,,,,FALSE,FALSE,,
,,,,,,,,FALSE,FALSE,,
,,,,,,,,FALSE,FALSE,,
,,,,,,,,FALSE,FALSE,,
,,,,,,,,FALSE,FALSE,,
,,,,,,,,FALSE,FALSE,,
,,,,,,,,FALSE,FALSE,,
,,,,,,,,FALSE,FALSE,,
,,,,,,,,FALSE,FALSE,,
,,,,,,,,FALSE,FALSE,,
,,,,,,,,FALSE,FALSE,,
,,,,,,,,FALSE,FALSE,,
,,,,,,,,FALSE,FALSE,,
,,,,,,,,FALSE,FALSE,,
,,,,,,,,FALSE,FALSE,,
,,,,,,,,FALSE,FALSE,,
,,,,,,,,FALSE,FALSE,,
,,,,,,,,FALSE,FALSE,,
,,,,,,,,FALSE,FALSE,,
,,,,,,,,FALSE,FALSE,,
,,,,,,,,FALSE,FALSE,,
,,,,,,,,FALSE,FALSE,,
,,,,,,,,FALSE,FALSE,,
,,,,,,,,FALSE,FALSE,,
,,,,,,,,FALSE,FALSE,,
,,,,,,,,FALSE,FALSE,,
,,,,,,,,FALSE,FALSE,,
,,,,,,,,FALSE,FALSE,,
,,,,,,,,FALSE,FALSE,,
,,,,,,,,FALSE,FALSE,,
,,,,,,,,FALSE,FALSE,,
,,,,,,,,FALSE,FALSE,,
,,,,,,,,FALSE,FALSE,,
,,,,,,,,FALSE,FALSE,,
,,,,,,,,FALSE,FALSE,,
,,,,,,,,FALSE,FALSE,,
,,,,,,,,FALSE,FALSE,,
,,,,,,,,FALSE,FALSE,,
,,,,,,,,FALSE,FALSE,,
,,,,,,,,FALSE,FALSE,,
,,,,,,,,FALSE,FALSE,,
,,,,,,,,FALSE,FALSE,,
,,,,,,,,FALSE,FALSE,,
,,,,,,,,FALSE,FALSE,,
,,,,,,,,FALSE,FALSE,,
,,,,,,,,FALSE,FALSE,,
,,,,,,,,FALSE,FALSE,,
,,,,,,,,FALSE,FALSE,,
,,,,,,,,FALSE,FALSE,,
,,,,,,,,FALSE,FALSE,,
,,,,,,,,FALSE,FALSE,,
,,,,,,,,FALSE,FALSE,,
,,,,,,,,FALSE,FALSE,,
,,,,,,,,FALSE,FALSE,,
,,,,,,,,FALSE,FALSE,,
,,,,,,,,FALSE,FALSE,,
,,,,,,,,FALSE,FALSE,,
,,,,,,,,FALSE,FALSE,,
,,,,,,,,FALSE,FALSE,,
,,,,,,,,FALSE,FALSE,,
,,,,,,,,FALSE,FALSE,,
,,,,,,,,FALSE,FALSE,,
,,,,,,,,FALSE,FALSE,,
,,,,,,,,FALSE,FALSE,,
,,,,,,,,FALSE,FALSE,,
,,,,,,,,FALSE,FALSE,,
,,,,,,,,FALSE,FALSE,,
,,,,,,,,FALSE,FALSE,,
,,,,,,,,FALSE,FALSE,,
,,,,,,,,FALSE,FALSE,,
,,,,,,,,FALSE,FALSE,,
,,,,,,,,FALSE,FALSE,,
,,,,,,,,FALSE,FALSE,,
,,,,,,,,FALSE,FALSE,,
,,,,,,,,FALSE,FALSE,,
,,,,,,,,FALSE,FALSE,,
,,,,,,,,FALSE,FALSE,,
,,,,,,,,FALSE,FALSE,,
,,,,,,,,FALSE,FALSE,,
,,,,,,,,FALSE,FALSE,,
,,,,,,,,FALSE,FALSE,,
,,,,,,,,FALSE,FALSE,,
,,,,,,,,FALSE,FALSE,,
,,,,,,,,FALSE,FALSE,,
,,,,,,,,FALSE,FALSE,,
,,,,,,,,FALSE,FALSE,,
,,,,,,,,FALSE,FALSE,,
,,,,,,,,FALSE,FALSE,,
,,,,,,,,FALSE,FALSE,,
,,,,,,,,FALSE,FALSE,,
,,,,,,,,FALSE,FALSE,,
,,,,,,,,FALSE,FALSE,,
,,,,,,,,FALSE,FALSE,,
,,,,,,,,FALSE,FALSE,,
,,,,,,,,FALSE,FALSE,,
,,,,,,,,FALSE,FALSE,,
,,,,,,,,FALSE,FALSE,,
,,,,,,,,FALSE,FALSE,,
,,,,,,,,FALSE,FALSE,,
,,,,,,,,FALSE,FALSE,,
,,,,,,,,FALSE,FALSE,,
,,,,,,,,FALSE,FALSE,,
,,,,,,,,FALSE,FALSE,,
,,,,,,,,FALSE,FALSE,,
,,,,,,,,FALSE,FALSE,,
,,,,,,,,FALSE,FALSE,,
,,,,,,,,FALSE,FALSE,,
,,,,,,,,FALSE,FALSE,,
,,,,,,,,FALSE,FALSE,,
,,,,,,,,FALSE,FALSE,,
,,,,,,,,FALSE,FALSE,,
,,,,,,,,FALSE,FALSE,,
,,,,,,,,FALSE,FALSE,,
,,,,,,,,FALSE,FALSE,,
,,,,,,,,FALSE,FALSE,,
,,,,,,,,FALSE,FALSE,,
,,,,,,,,FALSE,FALSE,,
,,,,,,,,FALSE,FALSE,,
,,,,,,,,FALSE,FALSE,,
,,,,,,,,FALSE,FALSE,,
,,,,,,,,FALSE,FALSE,,
,,,,,,,,FALSE,FALSE,,
,,,,,,,,FALSE,FALSE,,
,,,,,,,,FALSE,FALSE,,
,,,,,,,,FALSE,FALSE,,
,,,,,,,,FALSE,FALSE,,
,,,,,,,,FALSE,FALSE,,
,,,,,,,,FALSE,FALSE,,
,,,,,,,,FALSE,FALSE,,
,,,,,,,,FALSE,FALSE,,
,,,,,,,,FALSE,FALSE,,
,,,,,,,,FALSE,FALSE,,
,,,,,,,,FALSE,FALSE,,
,,,,,,,,FALSE,FALSE,,
,,,,,,,,FALSE,FALSE,,
,,,,,,,,FALSE,FALSE,,
,,,,,,,,FALSE,FALSE,,
,,,,,,,,FALSE,FALSE,,
,,,,,,,,FALSE,FALSE,,
,,,,,,,,FALSE,FALSE,,
,,,,,,,,FALSE,FALSE,,
,,,,,,,,FALSE,FALSE,,
,,,,,,,,FALSE,FALSE,,
,,,,,,,,FALSE,FALSE,,
,,,,,,,,FALSE,FALSE,,
,,,,,,,,FALSE,FALSE,,
,,,,,,,,FALSE,FALSE,,
,,,,,,,,FALSE,FALSE,,
,,,,,,,,FALSE,FALSE,,
,,,,,,,,FALSE,FALSE,,
,,,,,,,,FALSE,FALSE,,
,,,,,,,,FALSE,FALSE,,
,,,,,,,,FALSE,FALSE,,
,,,,,,,,FALSE,FALSE,,
,,,,,,,,FALSE,FALSE,,
,,,,,,,,FALSE,FALSE,,
,,,,,,,,FALSE,FALSE,,
,,,,,,,,FALSE,FALSE,,
,,,,,,,,FALSE,FALSE,,
,,,,,,,,FALSE,FALSE,,
,,,,,,,,FALSE,FALSE,,
,,,,,,,,FALSE,FALSE,,
,,,,,,,,FALSE,FALSE,,
,,,,,,,,FALSE,FALSE,,
,,,,,,,,FALSE,FALSE,,
,,,,,,,,FALSE,FALSE,,
,,,,,,,,FALSE,FALSE,,
,,,,,,,,FALSE,FALSE,,
,,,,,,,,FALSE,FALSE,,
,,,,,,,,FALSE,FALSE,,
,,,,,,,,FALSE,FALSE,,
,,,,,,,,FALSE,FALSE,,
,,,,,,,,FALSE,FALSE,,
,,,,,,,,FALSE,FALSE,,
,,,,,,,,FALSE,FALSE,,
,,,,,,,,FALSE,FALSE,,
,,,,,,,,FALSE,FALSE,,
,,,,,,,,FALSE,FALSE,,
,,,,,,,,FALSE,FALSE,,
,,,,,,,,FALSE,FALSE,,
,,,,,,,,FALSE,FALSE,,
,,,,,,,,FALSE,FALSE,,
,,,,,,,,FALSE,FALSE,,
,,,,,,,,FALSE,FALSE,,
,,,,,,,,FALSE,FALSE,,
,,,,,,,,FALSE,FALSE,,
,,,,,,,,FALSE,FALSE,,
,,,,,,,,FALSE,FALSE,,
,,,,,,,,FALSE,FALSE,,
,,,,,,,,FALSE,FALSE,,
,,,,,,,,FALSE,FALSE,,
,,,,,,,,FALSE,FALSE,,
,,,,,,,,FALSE,FALSE,,
,,,,,,,,FALSE,FALSE,,
,,,,,,,,FALSE,FALSE,,
,,,,,,,,FALSE,FALSE,,
,,,,,,,,FALSE,FALSE,,
,,,,,,,,FALSE,FALSE,,
,,,,,,,,FALSE,FALSE,,
,,,,,,,,FALSE,FALSE,,
,,,,,,,,FALSE,FALSE,,
,,,,,,,,FALSE,FALSE,,
,,,,,,,,FALSE,FALSE,,
,,,,,,,,FALSE,FALSE,,
,,,,,,,,FALSE,FALSE,,
,,,,,,,,FALSE,FALSE,,
,,,,,,,,FALSE,FALSE,,
,,,,,,,,FALSE,FALSE,,
,,,,,,,,FALSE,FALSE,,
,,,,,,,,FALSE,FALSE,,
,,,,,,,,FALSE,FALSE,,
,,,,,,,,FALSE,FALSE,,
,,,,,,,,FALSE,FALSE,,
,,,,,,,,FALSE,FALSE,,
,,,,,,,,FALSE,FALSE,,
,,,,,,,,FALSE,FALSE,,
,,,,,,,,FALSE,FALSE,,
,,,,,,,,FALSE,FALSE,,
,,,,,,,,FALSE,FALSE,,
,,,,,,,,FALSE,FALSE,,
,,,,,,,,FALSE,FALSE,,
,,,,,,,,FALSE,FALSE,,
,,,,,,,,FALSE,FALSE,,
,,,,,,,,FALSE,FALSE,,
,,,,,,,,FALSE,FALSE,,
,,,,,,,,FALSE,FALSE,,
,,,,,,,,FALSE,FALSE,,
,,,,,,,,FALSE,FALSE,,
,,,,,,,,FALSE,FALSE,,
,,,,,,,,FALSE,FALSE,,
,,,,,,,,FALSE,FALSE,,
,,,,,,,,FALSE,FALSE,,
,,,,,,,,FALSE,FALSE,,
,,,,,,,,FALSE,FALSE,,
,,,,,,,,FALSE,FALSE,,
,,,,,,,,FALSE,FALSE,,
,,,,,,,,FALSE,FALSE,,
,,,,,,,,FALSE,FALSE,,
,,,,,,,,FALSE,FALSE,,
,,,,,,,,FALSE,FALSE,,
,,,,,,,,FALSE,FALSE,,
,,,,,,,,FALSE,FALSE,,
,,,,,,,,FALSE,FALSE,,
,,,,,,,,FALSE,FALSE,,
,,,,,,,,FALSE,FALSE,,
,,,,,,,,FALSE,FALSE,,
,,,,,,,,FALSE,FALSE,,
,,,,,,,,FALSE,FALSE,,
,,,,,,,,FALSE,FALSE,,
,,,,,,,,FALSE,FALSE,,
,,,,,,,,FALSE,FALSE,,
,,,,,,,,FALSE,FALSE,,
,,,,,,,,FALSE,FALSE,,
,,,,,,,,FALSE,FALSE,,
,,,,,,,,FALSE,FALSE,,
,,,,,,,,FALSE,FALSE,,
,,,,,,,,FALSE,FALSE,,
,,,,,,,,FALSE,FALSE,,
,,,,,,,,FALSE,FALSE,,
,,,,,,,,FALSE,FALSE,,
,,,,,,,,FALSE,FALSE,,
,,,,,,,,FALSE,FALSE,,
,,,,,,,,FALSE,FALSE,,
,,,,,,,,FALSE,FALSE,,
,,,,,,,,FALSE,FALSE,,
,,,,,,,,FALSE,FALSE,,
,,,,,,,,FALSE,FALSE,,
,,,,,,,,FALSE,FALSE,,
,,,,,,,,FALSE,FALSE,,
,,,,,,,,FALSE,FALSE,,
,,,,,,,,FALSE,FALSE,,
,,,,,,,,FALSE,FALSE,,
,,,,,,,,FALSE,FALSE,,
,,,,,,,,FALSE,FALSE,,
,,,,,,,,FALSE,FALSE,,
,,,,,,,,FALSE,FALSE,,
,,,,,,,,FALSE,FALSE,,
,,,,,,,,FALSE,FALSE,,
,,,,,,,,FALSE,FALSE,,
,,,,,,,,FALSE,FALSE,,
,,,,,,,,FALSE,FALSE,,
,,,,,,,,FALSE,FALSE,,
,,,,,,,,FALSE,FALSE,,
,,,,,,,,FALSE,FALSE,,
,,,,,,,,FALSE,FALSE,,
,,,,,,,,FALSE,FALSE,,
,,,,,,,,FALSE,FALSE,,
,,,,,,,,FALSE,FALSE,,
,,,,,,,,FALSE,FALSE,,
,,,,,,,,FALSE,FALSE,,
,,,,,,,,FALSE,FALSE,,
,,,,,,,,FALSE,FALSE,,
,,,,,,,,FALSE,FALSE,,
,,,,,,,,FALSE,FALSE,,
,,,,,,,,FALSE,FALSE,,
,,,,,,,,FALSE,FALSE,,
,,,,,,,,FALSE,FALSE,,
,,,,,,,,FALSE,FALSE,,
,,,,,,,,FALSE,FALSE,,
,,,,,,,,FALSE,FALSE,,
,,,,,,,,FALSE,FALSE,,
,,,,,,,,FALSE,FALSE,,
,,,,,,,,FALSE,FALSE,,
,,,,,,,,FALSE,FALSE,,
,,,,,,,,FALSE,FALSE,,
,,,,,,,,FALSE,FALSE,,
,,,,,,,,FALSE,FALSE,,
,,,,,,,,FALSE,FALSE,,
,,,,,,,,FALSE,FALSE,,
,,,,,,,,FALSE,FALSE,,
,,,,,,,,FALSE,FALSE,,
,,,,,,,,FALSE,FALSE,,
,,,,,,,,FALSE,FALSE,,
,,,,,,,,FALSE,FALSE,,
,,,,,,,,FALSE,FALSE,,
,,,,,,,,FALSE,FALSE,,
,,,,,,,,FALSE,FALSE,,
,,,,,,,,FALSE,FALSE,,
,,,,,,,,FALSE,FALSE,,
,,,,,,,,FALSE,FALSE,,
,,,,,,,,FALSE,FALSE,,
,,,,,,,,FALSE,FALSE,,
,,,,,,,,FALSE,FALSE,,
,,,,,,,,FALSE,FALSE,,
,,,,,,,,FALSE,FALSE,,
,,,,,,,,FALSE,FALSE,,
,,,,,,,,FALSE,FALSE,,
,,,,,,,,FALSE,FALSE,,
,,,,,,,,FALSE,FALSE,,
,,,,,,,,FALSE,FALSE,,
,,,,,,,,FALSE,FALSE,,
,,,,,,,,FALSE,FALSE,,
,,,,,,,,FALSE,FALSE,,
,,,,,,,,FALSE,FALSE,,
,,,,,,,,FALSE,FALSE,,
,,,,,,,,FALSE,FALSE,,
,,,,,,,,FALSE,FALSE,,
,,,,,,,,FALSE,FALSE,,
,,,,,,,,FALSE,FALSE,,
,,,,,,,,FALSE,FALSE,,
,,,,,,,,FALSE,FALSE,,
,,,,,,,,FALSE,FALSE,,
,,,,,,,,FALSE,FALSE,,
,,,,,,,,FALSE,FALSE,,
,,,,,,,,FALSE,FALSE,,
,,,,,,,,FALSE,FALSE,,
,,,,,,,,FALSE,FALSE,,
,,,,,,,,FALSE,FALSE,,
,,,,,,,,FALSE,FALSE,,
,,,,,,,,FALSE,FALSE,,
,,,,,,,,FALSE,FALSE,,
,,,,,,,,FALSE,FALSE,,
,,,,,,,,FALSE,FALSE,,
,,,,,,,,FALSE,FALSE,,
,,,,,,,,FALSE,FALSE,,
,,,,,,,,FALSE,FALSE,,
,,,,,,,,FALSE,FALSE,,
,,,,,,,,FALSE,FALSE,,
,,,,,,,,FALSE,FALSE,,
,,,,,,,,FALSE,FALSE,,
,,,,,,,,FALSE,FALSE,,
,,,,,,,,FALSE,FALSE,,
,,,,,,,,FALSE,FALSE,,
,,,,,,,,FALSE,FALSE,,
,,,,,,,,FALSE,FALSE,,
,,,,,,,,FALSE,FALSE,,
,,,,,,,,FALSE,FALSE,,
,,,,,,,,FALSE,FALSE,,
,,,,,,,,FALSE,FALSE,,
,,,,,,,,FALSE,FALSE,,
,,,,,,,,FALSE,FALSE,,
,,,,,,,,FALSE,FALSE,,
,,,,,,,,FALSE,FALSE,,
,,,,,,,,FALSE,FALSE,,
,,,,,,,,FALSE,FALSE,,
,,,,,,,,FALSE,FALSE,,
,,,,,,,,FALSE,FALSE,,